"PointID","x","y","z","Density_0","Density_1","Momentum_x","Momentum_y","Momentum_z","Energy","Energy_ve","MassFrac_0","MassFrac_1","Pressure","Temperature_tr","Temperature_ve","Mach","Pressure_Coefficient"
126, 1.295000000000000e+00, 3.352697431866700e-01, 0.000000000000000e+00, 2.811333339759845e-04, 2.814147484189779e-07, 2.186361654531232e+00, 1.415159053537803e-04, 6.027178495949919e-06, 8.557272653824144e+03, 4.440578588437337e-04, 9.990000000010854e-01, 9.999999989146779e-04, 2.189699198746246e+01, 2.618998875426772e+02, 2.540349960327148e+02, 2.353654489211680e+01, 2.704942153146293e-04
127, 1.161892334304097e+00, 3.141875604517181e-01, 0.000000000000000e+00, 2.824703053535412e-04, 2.827530580811008e-07, 2.196755617619824e+00, 1.625348500051628e-04, 6.897925749912153e-06, 8.598058883717407e+03, 4.461739061616245e-04, 9.990000000011690e-01, 9.999999988310594e-04, 2.204870173309557e+01, 2.624662211474586e+02, 2.540349960327148e+02, 2.351109975215369e+01, 2.896918025255187e-04
128, 1.043936264910732e+00, 2.955051547717263e-01, 0.000000000000000e+00, 2.822698237450523e-04, 2.825523758011413e-07, 2.195196975425592e+00, 1.592857714204185e-04, 6.744598152537918e-06, 8.591942371688398e+03, 4.458565960578910e-04, 9.990000000011315e-01, 9.999999988684852e-04, 2.202588246629822e+01, 2.623808053791662e+02, 2.540349960327148e+02, 2.351493162420318e+01, 2.868042170075119e-04
129, 9.394022207746211e-01, 2.789485890098729e-01, 0.000000000000000e+00, 2.820518553476275e-04, 2.823341892274180e-07, 2.193502376106130e+00, 1.557890737281914e-04, 6.581286785542861e-06, 8.585292356963893e+03, 4.455116102106361e-04, 9.990000000010961e-01, 9.999999989040050e-04, 2.200109362628461e+01, 2.622880496550258e+02, 2.540349960327148e+02, 2.351909484409109e+01, 2.836673986308669e-04
130, 8.467574358675809e-01, 2.642750968812325e-01, 0.000000000000000e+00, 2.818151796102188e-04, 2.820972765872195e-07, 2.191662328731673e+00, 1.520351981862349e-04, 6.407887591552600e-06, 8.578071601504202e+03, 4.451370171420436e-04, 9.990000000010619e-01, 9.999999989380027e-04, 2.197420172696783e+01, 2.621874625190673e+02, 2.540349960327148e+02, 2.352361199976285e+01, 2.802644558584964e-04
131, 7.646434744745524e-01, 2.512695233094326e-01, 0.000000000000000e+00, 2.815585489312137e-04, 2.818403890301802e-07, 2.189667131737989e+00, 1.480161261649276e-04, 6.224359162499723e-06, 8.570242041794903e+03, 4.447308426191274e-04, 9.990000000010293e-01, 9.999999989708228e-04, 2.194507115449728e+01, 2.620785458938865e+02, 2.540349960327148e+02, 2.352850607099982e+01, 2.765782279027858e-04
132, 6.918563126672260e-01, 2.397411696420615e-01, 0.000000000000000e+00, 2.812807151824534e-04, 2.815622771788500e-07, 2.187507079105485e+00, 1.437260322567617e-04, 6.030736233098091e-06, 8.561765598068563e+03, 4.442911116404595e-04, 9.990000000009972e-01, 9.999999990027706e-04, 2.191356728373478e+01, 2.619608068563372e+02, 2.540349960327148e+02, 2.353379991100614e+01, 2.725916790893278e-04
133, 6.273286838930814e-01, 2.295209974667221e-01, 0.000000000000000e+00, 2.809804665413395e-04, 2.812617279976706e-07, 2.185172746687733e+00, 1.391620643612004e-04, 5.827148258851402e-06, 8.552605298038412e+03, 4.438159067367517e-04, 9.990000000009660e-01, 9.999999990341149e-04, 2.187956074777538e+01, 2.618337736894823e+02, 2.540349960327148e+02, 2.353951553422109e+01, 2.682884391287275e-04
134, 5.701144298160306e-01, 2.204591500277321e-01, 0.000000000000000e+00, 2.806566759073261e-04, 2.809376132579318e-07, 2.182655368618359e+00, 1.343252364806739e-04, 5.613843437164051e-06, 8.542726754089697e+03, 4.433034446043070e-04, 9.990000000009349e-01, 9.999999990650871e-04, 2.184293298876017e+01, 2.616970166645538e+02, 2.540349960327148e+02, 2.354567318832797e+01, 2.636535055250920e-04
135, 5.193746269475402e-01, 2.124227549004011e-01, 0.000000000000000e+00, 2.803083617811788e-04, 2.805889504779714e-07, 2.179947310633206e+00, 1.292214036388284e-04, 5.391217843918465e-06, 8.532100020734180e+03, 4.427521724602536e-04, 9.990000000009041e-01, 9.999999990958825e-04, 2.180358316806011e+01, 2.615501738122378e+02, 2.540349960327148e+02, 2.355229019667107e+01, 2.586741180014380e-04
136, 4.743652856452280e-01, 2.052939757038445e-01, 0.000000000000000e+00, 2.799347619123805e-04, 2.802149766443012e-07, 2.177042642691263e+00, 1.238622695889867e-04, 5.159848500755776e-06, 8.520701841650894e+03, 4.421608846012573e-04, 9.990000000008733e-01, 9.999999991266576e-04, 2.176143644407141e+01, 2.613929816758418e+02, 2.540349960327148e+02, 2.355937956879728e+01, 2.533408059847981e-04
137, 4.344264411113166e-01, 1.989682842849117e-01, 0.000000000000000e+00, 2.795354192871631e-04, 2.798152342857125e-07, 2.173937807583880e+00, 1.182663592286063e-04, 4.920528170020451e-06, 8.508518273297554e+03, 4.415288584871736e-04, 9.990000000008424e-01, 9.999999991575283e-04, 2.171645353881931e+01, 2.612253107101542e+02, 2.540349960327148e+02, 2.356694839124758e+01, 2.476485991791476e-04
138, 3.989724764339914e-01, 1.933529280385366e-01, 0.000000000000000e+00, 2.791102806685690e-04, 2.793896701119745e-07, 2.170632387294335e+00, 1.124599038105823e-04, 4.674296851229010e-06, 8.495547692362845e+03, 4.408560106816546e-04, 9.990000000008114e-01, 9.999999991885653e-04, 2.166864157726724e+01, 2.610472051709003e+02, 2.540349960327148e+02, 2.357499600335487e+01, 2.415983991884411e-04
139, 3.674835357799593e-01, 1.883655698910727e-01, 0.000000000000000e+00, 2.786598710157375e-04, 2.789388096076728e-07, 2.167130462705770e+00, 1.064783791862468e-04, 4.422417849450046e-06, 8.481806143011683e+03, 4.401431728434276e-04, 9.990000000007804e-01, 9.999999992196412e-04, 2.161807283043148e+01, 2.608589484860743e+02, 2.540349960327148e+02, 2.358351103917499e+01, 2.351993512995017e-04
140, 3.394979018312223e-01, 1.839330810049055e-01, 0.000000000000000e+00, 2.781801658755262e-04, 2.784586242911826e-07, 2.163400721109650e+00, 1.003003971791609e-04, 4.163788486620403e-06, 8.467170710920771e+03, 4.393839768037945e-04, 9.990000000007492e-01, 9.999999992507513e-04, 2.156431303609356e+01, 2.606589618858326e+02, 2.540349960327148e+02, 2.359256629781175e+01, 2.283965032956718e-04
141, 3.146052256976335e-01, 1.799904685019620e-01, 0.000000000000000e+00, 2.776883860465504e-04, 2.779663521999310e-07, 2.159577050475605e+00, 9.416695184444322e-05, 3.910136870755895e-06, 8.452166781063712e+03, 4.386056775161800e-04, 9.990000000007152e-01, 9.999999992847358e-04, 2.150930423698741e+01, 2.604544857373751e+02, 2.540349960327148e+02, 2.360183516163063e+01, 2.214356042855286e-04
142, 2.924405100365236e-01, 1.764799224834981e-01, 0.000000000000000e+00, 2.772032855194937e-04, 2.774807660969096e-07, 2.155805288584465e+00, 8.831612432005597e-05, 3.670378715660171e-06, 8.437366697679843e+03, 4.378379552986769e-04, 9.990000000006799e-01, 9.999999993200212e-04, 2.145514286280289e+01, 2.602532926284348e+02, 2.540349960327148e+02, 2.361096565782784e+01, 2.145819397432165e-04
143, 2.726787571548399e-01, 1.733499683727677e-01, 0.000000000000000e+00, 2.767227445091829e-04, 2.769997440747514e-07, 2.152068954234368e+00, 8.271687409763184e-05, 3.442229450423902e-06, 8.422705781734303e+03, 4.370774551183910e-04, 9.990000000006444e-01, 9.999999993555726e-04, 2.140158807759938e+01, 2.600544800611414e+02, 2.540349960327148e+02, 2.361999831921362e+01, 2.078050339141652e-04
144, 2.550302036197720e-01, 1.705547121515077e-01, 0.000000000000000e+00, 2.762460008501819e-04, 2.765225232048876e-07, 2.148362121712237e+00, 7.735601002586013e-05, 3.224415576908929e-06, 8.408160774857486e+03, 4.363229705927727e-04, 9.990000000006094e-01, 9.999999993906493e-04, 2.134855180193606e+01, 2.598577151380017e+02, 2.540349960327148e+02, 2.362894794464503e+01, 2.010937410889192e-04
145, 2.392360715037206e-01, 1.680531674232628e-01, 0.000000000000000e+00, 2.757739470886844e-04, 2.760499969268019e-07, 2.144691731568228e+00, 7.223866368044974e-05, 3.016646916599186e-06, 8.393758905660818e+03, 4.355759140646855e-04, 9.990000000005753e-01, 9.999999994247083e-04, 2.129613023171048e+01, 2.596633491188755e+02, 2.540349960327148e+02, 2.363779823747243e+01, 1.944602340459953e-04
146, 2.250647739647891e-01, 1.658086544363873e-01, 0.000000000000000e+00, 2.753090600171077e-04, 2.755846445120705e-07, 2.141077043148021e+00, 6.738440721849485e-05, 2.819410763967605e-06, 8.379575739232170e+03, 4.348402049848656e-04, 9.990000000005428e-01, 9.999999994573384e-04, 2.124459441584310e+01, 2.594723804418187e+02, 2.540349960327148e+02, 2.364650332152340e+01, 1.879388117374307e-04
147, 2.123085195258328e-01, 1.637882622546927e-01, 0.000000000000000e+00, 2.748553165715796e-04, 2.751304468776503e-07, 2.137548981021676e+00, 6.282356671136829e-05, 2.633781163419131e-06, 8.365732610507235e+03, 4.341221367239485e-04, 9.990000000005118e-01, 9.999999994882173e-04, 2.119437950878199e+01, 2.592864132043394e+02, 2.540349960327148e+02, 2.365498948235055e+01, 1.815845392840068e-04
148, 2.007802652611475e-01, 1.619623661896356e-01, 0.000000000000000e+00, 2.744180790490282e-04, 2.746927716880614e-07, 2.134149242758519e+00, 5.859370612115031e-05, 2.461241344544090e-06, 8.352393121467770e+03, 4.334301948466149e-04, 9.990000000004828e-01, 9.999999995170790e-04, 2.114607087656817e+01, 2.591076044152607e+02, 2.540349960327148e+02, 2.366315744588490e+01, 1.754714898151459e-04
149, 1.903109742158616e-01, 1.603041934182315e-01, 0.000000000000000e+00, 2.740039343730816e-04, 2.742782124603877e-07, 2.130929049271017e+00, 5.473635815368548e-05, 2.303521298099538e-06, 8.339758236234367e+03, 4.327748026882577e-04, 9.990000000004564e-01, 9.999999995436960e-04, 2.110038547381716e+01, 2.589385942468509e+02, 2.540349960327148e+02, 2.367088546937393e+01, 1.696903878831834e-04
150, 1.807471368440085e-01, 1.587894304174182e-01, 0.000000000000000e+00, 2.736204757150240e-04, 2.738943699666321e-07, 2.127947446763833e+00, 5.129415390632081e-05, 2.162455780465019e-06, 8.328059617304858e+03, 4.321679757368003e-04, 9.990000000004322e-01, 9.999999995678678e-04, 2.105814732541944e+01, 2.587824150605931e+02, 2.540349960327148e+02, 2.367803345154522e+01, 1.643455068796073e-04
151, 1.719485201225209e-01, 1.573958664587430e-01, 0.000000000000000e+00, 2.732760202812323e-04, 2.735495697386563e-07, 2.125269112141315e+00, 4.830853920108635e-05, 2.039869876661872e-06, 8.317551014214994e+03, 4.316228750340245e-04, 9.990000000004107e-01, 9.999999995894174e-04, 2.102025654736472e+01, 2.586423771718710e+02, 2.540349960327148e+02, 2.368444816836502e+01, 1.595507488819689e-04
152, 1.637861113367645e-01, 1.561030679359905e-01, 0.000000000000000e+00, 2.729792645541550e-04, 2.732525169640564e-07, 2.122961671889466e+00, 4.581825501750322e-05, 1.937499191353321e-06, 8.308497744150012e+03, 4.311532616386613e-04, 9.990000000003918e-01, 9.999999996081913e-04, 2.098765212736929e+01, 2.585219321871273e+02, 2.540349960327148e+02, 2.368996960572751e+01, 1.554249348565708e-04
153, 1.561402263876655e-01, 1.548920787504723e-01, 0.000000000000000e+00, 2.727388906695052e-04, 2.730119024693398e-07, 2.121092641063047e+00, 4.385877272608781e-05, 1.856952588415247e-06, 8.301164683896364e+03, 4.307728738067288e-04, 9.990000000003760e-01, 9.999999996240651e-04, 2.096127000815271e+01, 2.584245198267985e+02, 2.540349960327148e+02, 2.369443812226283e+01, 1.520865004510893e-04
154, 1.488987548828420e-01, 1.537451423607724e-01, 0.000000000000000e+00, 2.725632156563978e-04, 2.728360516089535e-07, 2.119726698409586e+00, 4.246386885337200e-05, 1.799767442450044e-06, 8.295805594089405e+03, 4.304948720661046e-04, 9.990000000003630e-01, 9.999999996369497e-04, 2.094200687428807e+01, 2.583534402012547e+02, 2.540349960327148e+02, 2.369770053840993e+01, 1.496489135262791e-04
155, 1.419555162797883e-01, 1.526454414214113e-01, 0.000000000000000e+00, 2.724612008047164e-04, 2.727339346430332e-07, 2.118933569805086e+00, 4.168314911067256e-05, 1.768144761421857e-06, 8.292694203551242e+03, 4.303334370173490e-04, 9.990000000003532e-01, 9.999999996468125e-04, 2.093083857941701e+01, 2.583123423068687e+02, 2.540349960327148e+02, 2.369958833883628e+01, 1.482356601199853e-04
156, 1.352087029775046e-01, 1.515768511927891e-01, 0.000000000000000e+00, 2.724674668541775e-04, 2.727402069667569e-07, 2.118982810957615e+00, 4.174178805245699e-05, 1.771805998836557e-06, 8.292889609056030e+03, 4.303433585203417e-04, 9.990000000003462e-01, 9.999999996539292e-04, 2.093161139600087e+01, 2.583159390784757e+02, 2.540349960327148e+02, 2.369942904688811e+01, 1.483334535326936e-04
157, 1.285593875278688e-01, 1.505237031066990e-01, 0.000000000000000e+00, 2.730882188748555e-04, 2.733615803633664e-07, 2.123810138014212e+00, 4.363622067313016e-05, 1.854568763576398e-06, 8.311832275939199e+03, 4.313256978750215e-04, 9.990000000003360e-01, 9.999999996639893e-04, 2.099987104508856e+01, 2.585692396643325e+02, 2.540349960327148e+02, 2.368781494038087e+01, 1.569711357124182e-04
158, 1.218061566492055e-01, 1.492976113306139e-01, 0.000000000000000e+00, 2.745595891940088e-04, 2.748344235314921e-07, 2.135250812330928e+00, 4.652951040221957e-05, 1.982890091278330e-06, 8.356720901509505e+03, 4.336541614822734e-04, 9.990000000003131e-01, 9.999999996869093e-04, 2.116200068879397e+01, 2.591691493435232e+02, 2.540349960327148e+02, 2.366035921167778e+01, 1.774872730344880e-04
159, 1.151149800788232e-01, 1.477686952283110e-01, 0.000000000000000e+00, 2.761875060117196e-04, 2.764639699026703e-07, 2.147908239453141e+00, 4.831197702127957e-05, 2.064620448142657e-06, 8.406384105659268e+03, 4.362304233728360e-04, 9.990000000002857e-01, 9.999999997144220e-04, 2.134232756531241e+01, 2.598369730552226e+02, 2.540349960327148e+02, 2.362990238140178e+01, 2.003061165041896e-04
160, 1.084994297085858e-01, 1.459400559410904e-01, 0.000000000000000e+00, 2.775785393414235e-04, 2.778563956645898e-07, 2.158723603062055e+00, 4.899908106188042e-05, 2.098768301163489e-06, 8.448820952601223e+03, 4.384318604990621e-04, 9.990000000002609e-01, 9.999999997390800e-04, 2.149728011856002e+01, 2.604118991770994e+02, 2.540349960327148e+02, 2.360377398986618e+01, 2.199140536351034e-04
161, 1.019729240357190e-01, 1.438154025467809e-01, 0.000000000000000e+00, 2.787791021664754e-04, 2.790581602601078e-07, 2.168057863821496e+00, 4.891781073434523e-05, 2.099225497939410e-06, 8.485447250867919e+03, 4.403319025645719e-04, 9.990000000002388e-01, 9.999999997612409e-04, 2.163167365956766e+01, 2.609114286404297e+02, 2.540349960327148e+02, 2.358114064617127e+01, 2.369204213757363e-04
162, 9.554870094571408e-02, 1.413990445365178e-01, 0.000000000000000e+00, 2.798243796989110e-04, 2.801044841217495e-07, 2.176184653644760e+00, 4.829265184484711e-05, 2.075620598296310e-06, 8.517336326676605e+03, 4.419862181770844e-04, 9.990000000002188e-01, 9.999999997812130e-04, 2.174919215804418e+01, 2.613489599164655e+02, 2.540349960327148e+02, 2.356136849664838e+01, 2.517913949837987e-04
163, 8.923979086157234e-02, 1.386958830736878e-01, 0.000000000000000e+00, 2.807415210067655e-04, 2.810225434938465e-07, 2.183315101959062e+00, 4.728027162608674e-05, 2.034730229985587e-06, 8.545316373966949e+03, 4.434377630725382e-04, 9.990000000002007e-01, 9.999999997992587e-04, 2.185270167387472e+01, 2.617349289847685e+02, 2.540349960327148e+02, 2.354396667531781e+01, 2.648896501355758e-04
164, 8.305899031385024e-02, 1.357114010527682e-01, 0.000000000000000e+00, 2.815518028294269e-04, 2.818336364138712e-07, 2.189614666536030e+00, 4.599150646556721e-05, 1.981385090378598e-06, 8.570036455911459e+03, 4.447202028058767e-04, 9.990000000001843e-01, 9.999999998156022e-04, 2.194446511433462e+01, 2.620775876124741e+02, 2.540349960327148e+02, 2.352854902624657e+01, 2.765015386378517e-04
165, 7.701883598511533e-02, 1.324516519782258e-01, 0.000000000000000e+00, 2.822721313557782e-04, 2.825546859938606e-07, 2.195214814437903e+00, 4.450563859724161e-05, 1.919064623922694e-06, 8.592012313605890e+03, 4.458602883458964e-04, 9.990000000001696e-01, 9.999999998304345e-04, 2.202629273610148e+01, 2.623835476342131e+02, 2.540349960327148e+02, 2.351480753783154e+01, 2.868561331866294e-04
166, 7.113157928145880e-02, 1.289232476860329e-01, 0.000000000000000e+00, 2.829161063406348e-04, 2.831993056020347e-07, 2.200221298561551e+00, 4.287986406620764e-05, 1.850295138680674e-06, 8.611658825326813e+03, 4.468795394205508e-04, 9.990000000001561e-01, 9.999999998439185e-04, 2.209964973898874e+01, 2.626581696578376e+02, 2.540349960327148e+02, 2.350249349923764e+01, 2.961388424455543e-04
167, 6.540916148264168e-02, 1.251333449327033e-01, 0.000000000000000e+00, 2.834947891086417e-04, 2.837785676354683e-07, 2.204720130901731e+00, 4.115569054761671e-05, 1.776921053758414e-06, 8.629313433671638e+03, 4.477954594810951e-04, 9.990000000001439e-01, 9.999999998561949e-04, 2.216573455624933e+01, 2.629058458261960e+02, 2.540349960327148e+02, 2.349140387623565e+01, 3.045013180227272e-04
168, 5.986318952127878e-02, 1.210896308790527e-01, 0.000000000000000e+00, 2.840172659898882e-04, 2.843015675197044e-07, 2.208781964644095e+00, 3.936333330847579e-05, 1.700292610495102e-06, 8.645253332784539e+03, 4.486224270740361e-04, 9.990000000001327e-01, 9.999999998673821e-04, 2.222553672375933e+01, 2.631302088749672e+02, 2.540349960327148e+02, 2.348137129348161e+01, 3.120687773272197e-04
169, 5.450491244018765e-02, 1.168003074981255e-01, 0.000000000000000e+00, 2.844910677111078e-04, 2.847758435197667e-07, 2.212465355883062e+00, 3.752478088004193e-05, 1.621397568293896e-06, 8.659708261750480e+03, 4.493723593509575e-04, 9.990000000001223e-01, 9.999999998775849e-04, 2.227988025200077e+01, 2.633342889116699e+02, 2.540349960327148e+02, 2.347225655897239e+01, 3.189454919272518e-04
170, 4.934519857565527e-02, 1.122740749389140e-01, 0.000000000000000e+00, 2.849224855400957e-04, 2.852076932010375e-07, 2.215819222308258e+00, 3.565596138849394e-05, 1.540954697702672e-06, 8.672870148576667e+03, 4.500552122478358e-04, 9.990000000001130e-01, 9.999999998868921e-04, 2.232945652604206e+01, 2.635206324378121e+02, 2.540349960327148e+02, 2.346394301391921e+01, 3.252189507648954e-04
171, 4.439451351290143e-02, 1.075201138796140e-01, 0.000000000000000e+00, 2.853168121410374e-04, 2.856024145256838e-07, 2.218884716323236e+00, 3.376829128613922e-05, 1.459480791846297e-06, 8.684900457546570e+03, 4.506793615573397e-04, 9.990000000001046e-01, 9.999999998953815e-04, 2.237484951172805e+01, 2.636913936204320e+02, 2.540349960327148e+02, 2.345633221693828e+01, 3.309630497865692e-04
172, 3.966289885845342e-02, 1.025480669062109e-01, 0.000000000000000e+00, 2.856785265440222e-04, 2.859644910073253e-07, 2.221696663518487e+00, 3.186979382630520e-05, 1.377339013877738e-06, 8.695935831806381e+03, 4.512518955870733e-04, 9.990000000000968e-01, 9.999999999031203e-04, 2.241655520783960e+01, 2.638484047899435e+02, 2.540349960327148e+02, 2.344934062174183e+01, 3.362405534495740e-04
173, 3.515995187248769e-02, 9.736801895416480e-02, 0.000000000000000e+00, 2.860114367816430e-04, 2.862977344904144e-07, 2.224284671914252e+00, 2.996591379870128e-05, 1.294773838447264e-06, 8.706092444593651e+03, 4.517788408427732e-04, 9.990000000000897e-01, 9.999999999101667e-04, 2.245499670481097e+01, 2.639932310510485e+02, 2.540349960327148e+02, 2.344289701040993e+01, 3.411050002756187e-04
174, 3.089480600245098e-02, 9.199047685286767e-02, 0.000000000000000e+00, 2.863187896005913e-04, 2.866053949716518e-07, 2.226673985148616e+00, 2.806011519503999e-05, 1.211936115761120e-06, 8.715469346083337e+03, 4.522653356186809e-04, 9.990000000000834e-01, 9.999999999165713e-04, 2.249053579517999e+01, 2.641272123939568e+02, 2.540349960327148e+02, 2.343694051747029e+01, 3.456021720552414e-04
175, 2.687611235744550e-02, 8.642634801436050e-02, 0.000000000000000e+00, 2.866033535447821e-04, 2.868902437662797e-07, 2.228886128587456e+00, 2.615432197716248e-05, 1.128900556887676e-06, 8.724150997918408e+03, 4.527157614551970e-04, 9.990000000000776e-01, 9.999999999223792e-04, 2.252348176331204e+01, 2.642514955409260e+02, 2.540349960327148e+02, 2.343141913550218e+01, 3.497712061131581e-04
176, 2.311202216095348e-02, 8.068691830953902e-02, 0.000000000000000e+00, 2.868674791158195e-04, 2.871546337287663e-07, 2.230939377185206e+00, 2.424924428527368e-05, 1.045676972784750e-06, 8.732209108463168e+03, 4.531338383249783e-04, 9.990000000000724e-01, 9.999999999276280e-04, 2.255409771058186e+01, 2.643670567734271e+02, 2.540349960327148e+02, 2.342628863979407e+01, 3.536453957066056e-04
177, 1.961017021749339e-02, 7.478382917672056e-02, 0.000000000000000e+00, 2.871131371484700e-04, 2.874005376666945e-07, 2.232849053956272e+00, 2.234462031471086e-05, 9.622156788758346e-07, 8.739703803474895e+03, 4.535226853448218e-04, 9.990000000000676e-01, 9.999999999323517e-04, 2.258260449325093e+01, 2.644747159531639e+02, 2.540349960327148e+02, 2.342151191729003e+01, 3.572526883304750e-04
178, 1.637765942674216e-02, 6.872905400900449e-02, 0.000000000000000e+00, 2.873419333221202e-04, 2.876295628667452e-07, 2.234627642908251e+00, 2.043939588513742e-05, 8.784063156145924e-07, 8.746684068759099e+03, 4.538848437197981e-04, 9.990000000000634e-01, 9.999999999365792e-04, 2.260918198909470e+01, 2.645751406009023e+02, 2.540349960327148e+02, 2.341705874611825e+01, 3.606158459982869e-04
179, 1.342104637653449e-02, 6.253487386831949e-02, 0.000000000000000e+00, 2.875550916597602e-04, 2.878429345771633e-07, 2.236284660878818e+00, 1.853185832270248e-05, 7.940673890870582e-07, 8.753187246719013e+03, 4.542222506021565e-04, 9.990000000000597e-01, 9.999999999403355e-04, 2.263396682607215e+01, 2.646688366999750e+02, 2.540349960327148e+02, 2.341290617005587e+01, 3.637521578245090e-04
180, 1.074632804396089e-02, 5.621385257541836e-02, 0.000000000000000e+00, 2.877533903489232e-04, 2.880414317644545e-07, 2.237826158736858e+00, 1.661973813283263e-05, 7.089198423798807e-07, 8.759237078366399e+03, 4.545361374829695e-04, 9.990000000000563e-01, 9.999999999436430e-04, 2.265704460002029e+01, 2.647561187046621e+02, 2.540349960327148e+02, 2.340903979791875e+01, 3.666724552395084e-04
181, 8.358929631539169e-03, 4.977881122634524e-02, 0.000000000000000e+00, 2.879370129502977e-04, 2.882252381730567e-07, 2.239253564852096e+00, 1.470029109513727e-05, 6.225285663653381e-07, 8.764839164008843e+03, 4.548267946506189e-04, 9.990000000000535e-01, 9.999999999465209e-04, 2.267843224202796e+01, 2.648370422656910e+02, 2.540349960327148e+02, 2.340545675449093e+01, 3.693788807296053e-04
182, 6.263693563131251e-03, 4.324280218706467e-02, 0.000000000000000e+00, 2.881052300522487e-04, 2.883936236611982e-07, 2.240561210560096e+00, 1.277037574224887e-05, 5.341709346624442e-07, 8.769971251229841e+03, 4.550930672574960e-04, 9.990000000000510e-01, 9.999999999489874e-04, 2.269804058319493e+01, 2.649112618986856e+02, 2.540349960327148e+02, 2.340217195030674e+01, 3.718601507234537e-04
183, 4.464869661926191e-03, 3.661908261899963e-02, 0.000000000000000e+00, 2.882556993835901e-04, 2.885442436130822e-07, 2.241730889781520e+00, 1.082654893513319e-05, 4.425173512101185e-07, 8.774561882894412e+03, 4.553312474305438e-04, 9.990000000000488e-01, 9.999999999510613e-04, 2.271559230839405e+01, 2.649777194855237e+02, 2.540349960327148e+02, 2.339923182692789e+01, 3.740811733334748e-04
184, 2.966106530410018e-03, 2.992108758917743e-02, 0.000000000000000e+00, 2.883827878568482e-04, 2.886714593025158e-07, 2.242718815798879e+00, 8.865216903187923e-06, 3.447513263696620e-07, 8.778439206460769e+03, 4.555324181586719e-04, 9.990000000000472e-01, 9.999999999527665e-04, 2.273042553586931e+01, 2.650338990423169e+02, 2.540349960327148e+02, 2.339674726750897e+01, 3.759581930126448e-04
185, 1.770444149808204e-03, 2.316240281952531e-02, 0.000000000000000e+00, 2.884729273163338e-04, 2.887616889920844e-07, 2.243419520041831e+00, 6.882855553522160e-06, 2.336579090467111e-07, 8.781189288304389e+03, 4.556751017243850e-04, 9.990000000000459e-01, 9.999999999541439e-04, 2.274095065397696e+01, 2.650737668069559e+02, 2.540349960327148e+02, 2.339498461129809e+01, 3.772900578307776e-04
186, 8.803077140108195e-04, 1.635673713058785e-02, 0.000000000000000e+00, 2.884884823817318e-04, 2.887772596284496e-07, 2.243540451245327e+00, 4.875406729970349e-06, 8.485508023532714e-08, 8.781663957917712e+03, 4.556997235640137e-04, 9.990000000000447e-01, 9.999999999552921e-04, 2.274276538043008e+01, 2.650806259736847e+02, 2.540349960327148e+02, 2.339468152422939e+01, 3.775196961391294e-04
187, 2.975027104868411e-04, 9.517894635561252e-03, 0.000000000000000e+00, 2.882843278754589e-04, 2.885729007636915e-07, 2.241953500648632e+00, 2.858634116696992e-06, -2.333544340349339e-07, 8.775435798090650e+03, 4.553765606271254e-04, 9.990000000000434e-01, 9.999999999565756e-04, 2.271892440362534e+01, 2.649902705701933e+02, 2.540349960327148e+02, 2.339867736712765e+01, 3.745028218474226e-04
188, 2.321125816595604e-05, 2.659746741042024e-03, 0.000000000000000e+00, 2.873634195095579e-04, 2.876510705683836e-07, 2.234794863773901e+00, 1.674192232818051e-06, -1.435512288029413e-06, 8.747341015389844e+03, 4.539188390988668e-04, 9.990000000000407e-01, 9.999999999591772e-04, 2.261164779856768e+01, 2.645842113118517e+02, 2.540349960327148e+02, 2.341665865003448e+01, 3.609278733647914e-04
4159, 1.295000000000000e+00, 3.301762424406446e-01, 5.821897993122498e-02, 2.811333339656629e-04, 2.814147484086459e-07, 2.186361654450973e+00, 1.404125697293715e-04, 1.863836335948145e-05, 8.557272653509253e+03, 4.440578588274328e-04, 9.990000000010852e-01, 9.999999989146774e-04, 2.189699198633524e+01, 2.618998875388104e+02, 2.540349960327148e+02, 2.353654489229067e+01, 2.704942151719893e-04
4160, 1.295000000000000e+00, 3.339939405931418e-01, 2.922068348825083e-02, 2.813960939974818e-04, 2.816777714576636e-07, 2.188404519351284e+00, 1.450201566277757e-04, 1.268761604603092e-05, 8.565289223793830e+03, 4.444737347455945e-04, 9.990000000011051e-01, 9.999999988949224e-04, 2.192677649199100e+01, 2.620112387134039e+02, 2.540349960327148e+02, 2.353153646759983e+01, 2.742631928502099e-04
4225, 2.321125816595604e-05, 2.619339211627139e-03, 4.618601746375043e-04, 2.873634195095577e-04, 2.876510705683835e-07, 2.234794863773900e+00, 1.399483398081994e-06, 1.704424061048111e-06, 8.747341015389840e+03, 4.539188390988665e-04, 9.990000000000407e-01, 9.999999999591774e-04, 2.261164779856695e+01, 2.645842113118433e+02, 2.540349960327148e+02, 2.341665865003485e+01, 3.609278733646988e-04
4226, 2.321125816595604e-05, 2.649625601692863e-03, 2.318122027361808e-04, 2.882614349777564e-04, 2.885499849503051e-07, 2.241775631098790e+00, 1.657431599863932e-06, 1.450064755606048e-07, 8.774738136781274e+03, 4.553403424468154e-04, 9.990000000000430e-01, 9.999999999570209e-04, 2.271628557800982e+01, 2.649805340113862e+02, 2.540349960327148e+02, 2.339910897968030e+01, 3.741689007490990e-04
4227, 1.161892334304097e+00, 3.094143454328439e-01, 5.455809731805936e-02, 2.824703053481140e-04, 2.827530580756681e-07, 2.196755617577623e+00, 1.612633928643379e-04, 2.143074784532378e-05, 8.598058883551828e+03, 4.461739061530532e-04, 9.990000000011688e-01, 9.999999988310594e-04, 2.204870173249919e+01, 2.624662211454022e+02, 2.540349960327148e+02, 2.351109975224586e+01, 2.896918024500528e-04
4228, 1.043936264910732e+00, 2.910157674742685e-01, 5.131393161729447e-02, 2.822698237400238e-04, 2.825523757961077e-07, 2.195196975386491e+00, 1.580370500110575e-04, 2.101754961836667e-05, 8.591942371534984e+03, 4.458565960499493e-04, 9.990000000011315e-01, 9.999999988684852e-04, 2.202588246574771e+01, 2.623808053772826e+02, 2.540349960327148e+02, 2.351493162428764e+01, 2.868042169378503e-04
4229, 9.394022207746211e-01, 2.747107331487388e-01, 4.843891414432594e-02, 2.820518553433150e-04, 2.823341892231011e-07, 2.193502376072596e+00, 1.545651162652309e-04, 2.057118498957838e-05, 8.585292356832326e+03, 4.455116102038252e-04, 9.990000000010960e-01, 9.999999989040048e-04, 2.200109362581275e+01, 2.622880496534109e+02, 2.540349960327148e+02, 2.351909484416355e+01, 2.836673985711569e-04
4230, 8.467574358675809e-01, 2.602601643366902e-01, 4.589088897617749e-02, 2.818151796070163e-04, 2.820972765840136e-07, 2.191662328706769e+00, 1.508381600311379e-04, 2.009009660387936e-05, 8.578071601406495e+03, 4.451370171369856e-04, 9.990000000010619e-01, 9.999999989380023e-04, 2.197420172661830e+01, 2.621874625178764e+02, 2.540349960327148e+02, 2.352361199981630e+01, 2.802644558142672e-04
4231, 7.646434744745524e-01, 2.474521746508110e-01, 4.363249482592124e-02, 2.815585489295939e-04, 2.818403890285587e-07, 2.189667131725393e+00, 1.468482773066436e-04, 1.957293284686128e-05, 8.570242041745485e+03, 4.447308426165691e-04, 9.990000000010291e-01, 9.999999989708224e-04, 2.194507115432179e+01, 2.620785458932984e+02, 2.540349960327148e+02, 2.352850607102623e+01, 2.765782278805790e-04
4232, 6.918563126672260e-01, 2.360989625797172e-01, 4.163061722008238e-02, 2.812807151829636e-04, 2.815622771793608e-07, 2.187507079109454e+00, 1.425897372133954e-04, 1.901864796548350e-05, 8.561765598084135e+03, 4.442911116412654e-04, 9.990000000009971e-01, 9.999999990027704e-04, 2.191356728379012e+01, 2.619608068565235e+02, 2.540349960327148e+02, 2.353379991099777e+01, 2.725916790963306e-04
4233, 6.273286838930814e-01, 2.260340577843232e-01, 3.985590294639242e-02, 2.809804665445897e-04, 2.812617280009240e-07, 2.185172746713007e+00, 1.380597534586434e-04, 1.842661923000855e-05, 8.552605298137576e+03, 4.438159067418847e-04, 9.990000000009660e-01, 9.999999990341147e-04, 2.187956074813072e+01, 2.618337736907060e+02, 2.540349960327148e+02, 2.353951553416605e+01, 2.682884391736935e-04
4234, 5.701144298160306e-01, 2.171098801697921e-01, 3.828232965231607e-02, 2.806566759139680e-04, 2.809376132645804e-07, 2.182655368670007e+00, 1.332593677365661e-04, 1.779677830677769e-05, 8.542726754292340e+03, 4.433034446147966e-04, 9.990000000009348e-01, 9.999999990650871e-04, 2.184293298948471e+01, 2.616970166670412e+02, 2.540349960327148e+02, 2.354567318821600e+01, 2.636535056167765e-04
4235, 5.193746269475402e-01, 2.091955759421271e-01, 3.688682428344366e-02, 2.803083617918748e-04, 2.805889504886781e-07, 2.179947310716378e+00, 1.281944148972482e-04, 1.712975185376840e-05, 8.532100021060509e+03, 4.427521724771458e-04, 9.990000000009042e-01, 9.999999990958825e-04, 2.180358316922738e+01, 2.615501738162598e+02, 2.540349960327148e+02, 2.355229019648988e+01, 2.586741181491456e-04
4236, 4.743652856452280e-01, 2.021750989198459e-01, 3.564892476697167e-02, 2.799347619277625e-04, 2.802149766596986e-07, 2.177042642810875e+00, 1.228765210874523e-04, 1.642700393903293e-05, 8.520701842120190e+03, 4.421608846255502e-04, 9.990000000008733e-01, 9.999999991266574e-04, 2.176143644574840e+01, 2.613929816816222e+02, 2.540349960327148e+02, 2.355937956853664e+01, 2.533408061970075e-04
4237, 4.344264411113166e-01, 1.959455089673181e-01, 3.455047997959065e-02, 2.795354193077862e-04, 2.798152343063562e-07, 2.173937807744247e+00, 1.173240674343000e-04, 1.569097063053507e-05, 8.508518273926753e+03, 4.415288585197440e-04, 9.990000000008425e-01, 9.999999991575287e-04, 2.171645354106647e+01, 2.612253107179129e+02, 2.540349960327148e+02, 2.356694839089741e+01, 2.476485994635066e-04
4238, 3.989724764339914e-01, 1.904154625999624e-01, 3.357538360045699e-02, 2.791102806948993e-04, 2.793896701383312e-07, 2.170632387499082e+00, 1.115630672761684e-04, 1.492518270530937e-05, 8.495547693166165e+03, 4.408560107232383e-04, 9.990000000008115e-01, 9.999999991885653e-04, 2.166864158013480e+01, 2.610472051808201e+02, 2.540349960327148e+02, 2.357499600290669e+01, 2.415983995513064e-04
4239, 3.674835357799593e-01, 1.855038736292914e-01, 3.270933794677758e-02, 2.786598710479604e-04, 2.789388096399280e-07, 2.167130462956339e+00, 1.056286768879280e-04, 1.413455626889615e-05, 8.481806143994776e+03, 4.401431728943175e-04, 9.990000000007804e-01, 9.999999992196414e-04, 2.161807283393765e+01, 2.608589484982178e+02, 2.540349960327148e+02, 2.358351103862576e+01, 2.351993517431788e-04
4240, 3.394979018312223e-01, 1.811387242090535e-01, 3.193964432916573e-02, 2.781801659130662e-04, 2.784586243287601e-07, 2.163400721401565e+00, 9.949964157931830e-05, 1.331646296570263e-05, 8.467170712066078e+03, 4.393839768630815e-04, 9.990000000007492e-01, 9.999999992507511e-04, 2.156431304017572e+01, 2.606589619000003e+02, 2.540349960327148e+02, 2.359256629717023e+01, 2.283965038122356e-04
4241, 3.146052256976335e-01, 1.772560088490318e-01, 3.125501685278272e-02, 2.776883860884366e-04, 2.779663522418591e-07, 2.159577050801319e+00, 9.341533074466677e-05, 1.250120090826046e-05, 8.452166782341617e+03, 4.386056775823314e-04, 9.990000000007153e-01, 9.999999992847360e-04, 2.150930424153633e+01, 2.604544857531710e+02, 2.540349960327148e+02, 2.360183516091456e+01, 2.214356048611564e-04
4242, 2.924405100365236e-01, 1.737987959127425e-01, 3.064541693406058e-02, 2.772032855647349e-04, 2.774807661421961e-07, 2.155805288936268e+00, 8.761175673335436e-05, 1.172133218414584e-05, 8.437366699060098e+03, 4.378379553701267e-04, 9.990000000006800e-01, 9.999999993200212e-04, 2.145514286771154e+01, 2.602532926455024e+02, 2.540349960327148e+02, 2.361096565705322e+01, 2.145819403643646e-04
4243, 2.726787571548399e-01, 1.707163928379227e-01, 3.010190610655113e-02, 2.767227445567837e-04, 2.769997441223998e-07, 2.152068954604520e+00, 8.205795390074376e-05, 1.097371652968507e-05, 8.422705783186542e+03, 4.370774551935673e-04, 9.990000000006444e-01, 9.999999993555724e-04, 2.140158808276143e+01, 2.600544800791328e+02, 2.540349960327148e+02, 2.361999831839614e+01, 2.078050345673786e-04
4244, 2.550302036197720e-01, 1.679636028395702e-01, 2.961651495761716e-02, 2.762460008991889e-04, 2.765225232539436e-07, 2.148362122093326e+00, 7.674071035710392e-05, 1.025731749278269e-05, 8.408160776352626e+03, 4.363229706701699e-04, 9.990000000006093e-01, 9.999999993906491e-04, 2.134855180724594e+01, 2.598577151565345e+02, 2.540349960327148e+02, 2.362894794380200e+01, 2.010937417608390e-04
4245, 2.392360715037206e-01, 1.655000621966878e-01, 2.918212627420512e-02, 2.757739471382254e-04, 2.760499969763924e-07, 2.144691731953469e+00, 7.166502932577819e-05, 9.573311961903880e-06, 8.393758907172240e+03, 4.355759141429259e-04, 9.990000000005752e-01, 9.999999994247080e-04, 2.129613023707424e+01, 2.596633491376289e+02, 2.540349960327148e+02, 2.363779823661842e+01, 1.944602347247338e-04
4246, 2.250647739647891e-01, 1.632896484054763e-01, 2.879237068428444e-02, 2.753090600664240e-04, 2.755846445614362e-07, 2.141077043531516e+00, 6.685027023260772e-05, 8.924618755891469e-06, 8.379575740736740e+03, 4.348402050627514e-04, 9.990000000005427e-01, 9.999999994573384e-04, 2.124459442118064e+01, 2.594723804605297e+02, 2.540349960327148e+02, 2.364650332067038e+01, 1.879388124128522e-04
4247, 2.123085195258328e-01, 1.612999505208182e-01, 2.844153326376066e-02, 2.748553166200528e-04, 2.751304469261720e-07, 2.137548981398615e+00, 6.232648492808804e-05, 8.315446264119582e-06, 8.365732611986077e+03, 4.341221368005027e-04, 9.990000000005118e-01, 9.999999994882171e-04, 2.119437951402268e+01, 2.592864132227252e+02, 2.540349960327148e+02, 2.365498948151147e+01, 1.815845399471723e-04
4248, 2.007802652611475e-01, 1.595017939197555e-01, 2.812446973945428e-02, 2.744180790961996e-04, 2.746927717352800e-07, 2.134149243125337e+00, 5.813092424738478e-05, 7.750856759763304e-06, 8.352393122906895e+03, 4.334301949211132e-04, 9.990000000004828e-01, 9.999999995170790e-04, 2.114607088166250e+01, 2.591076044331431e+02, 2.540349960327148e+02, 2.366315744506796e+01, 1.754714904597906e-04
4249, 1.903109742158616e-01, 1.578688125186430e-01, 2.783653105944303e-02, 2.740039344186602e-04, 2.742782125060120e-07, 2.130929049625450e+00, 5.430479032435560e-05, 7.236358671383645e-06, 8.339758237624897e+03, 4.327748027602404e-04, 9.990000000004563e-01, 9.999999995436960e-04, 2.110038547873746e+01, 2.589385942641589e+02, 2.540349960327148e+02, 2.367088546858247e+01, 1.696903885058057e-04
4250, 1.807471368440085e-01, 1.563770621714660e-01, 2.757349522475452e-02, 2.736204757588854e-04, 2.738943700105374e-07, 2.127947447104913e+00, 5.089038518971295e-05, 6.777547986067447e-06, 8.328059618642999e+03, 4.321679758060710e-04, 9.990000000004322e-01, 9.999999995678680e-04, 2.105814733015114e+01, 2.587824150772579e+02, 2.540349960327148e+02, 2.367803345078249e+01, 1.643455074783639e-04
4251, 1.719485201225209e-01, 1.550046695806443e-01, 2.733150538286825e-02, 2.732760203234047e-04, 2.735495697808709e-07, 2.125269112469262e+00, 4.792884192678534e-05, 6.379824389719927e-06, 8.317551015501605e+03, 4.316228751006276e-04, 9.990000000004106e-01, 9.999999995894172e-04, 2.102025655191146e+01, 2.586423771879020e+02, 2.540349960327148e+02, 2.368444816763070e+01, 1.595507494573207e-04
4252, 1.637861113367645e-01, 1.537315115723549e-01, 2.710701327530178e-02, 2.729792645948028e-04, 2.732525170047448e-07, 2.122961672205558e+00, 4.545861433183761e-05, 6.048205991910983e-06, 8.308497745390112e+03, 4.311532617028566e-04, 9.990000000003919e-01, 9.999999996081913e-04, 2.098765213174855e+01, 2.585219322025752e+02, 2.540349960327148e+02, 2.368996960501942e+01, 1.554249354107295e-04
4253, 1.561402263876655e-01, 1.525389200336426e-01, 2.689672721006217e-02, 2.727388907089473e-04, 2.730119025088214e-07, 2.121092641369764e+00, 4.351491425562496e-05, 5.787267962272303e-06, 8.301164685099688e+03, 4.307728738690201e-04, 9.990000000003759e-01, 9.999999996240651e-04, 2.096127001240236e+01, 2.584245198418190e+02, 2.540349960327148e+02, 2.369443812157396e+01, 1.520865009888470e-04
4254, 1.488987548828420e-01, 1.514094081848543e-01, 2.669756379609090e-02, 2.725632156954644e-04, 2.728360516480593e-07, 2.119726698713387e+00, 4.213127202506845e-05, 5.601361688083667e-06, 8.295805595281292e+03, 4.304948721278029e-04, 9.990000000003630e-01, 9.999999996369497e-04, 2.094200687849474e+01, 2.583534402161210e+02, 2.540349960327148e+02, 2.369770053772788e+01, 1.496489140585988e-04
4255, 1.419555162797883e-01, 1.503264141737767e-01, 2.650660273199223e-02, 2.724612008464991e-04, 2.727339346848578e-07, 2.118933570130006e+00, 4.135692183711398e-05, 5.496934296596807e-06, 8.292694204825975e+03, 4.303334370833369e-04, 9.990000000003533e-01, 9.999999996468125e-04, 2.093083858391424e+01, 2.583123423227570e+02, 2.540349960327148e+02, 2.369958833810714e+01, 1.482356606890715e-04
4256, 1.352087029775046e-01, 1.492740582318365e-01, 2.632104398611930e-02, 2.724674668964473e-04, 2.727402070090690e-07, 2.118982811286314e+00, 4.141530566636540e-05, 5.503511380796275e-06, 8.292889610345548e+03, 4.303433585870988e-04, 9.990000000003461e-01, 9.999999996539294e-04, 2.093161140054980e+01, 2.583159390945394e+02, 2.540349960327148e+02, 2.369942904615084e+01, 1.483334541083223e-04
4257, 1.285593875278688e-01, 1.482369098315849e-01, 2.613816674015634e-02, 2.730882189061751e-04, 2.733615803947175e-07, 2.123810138257754e+00, 4.329532964032345e-05, 5.750967071839367e-06, 8.311832276894625e+03, 4.313256979244850e-04, 9.990000000003361e-01, 9.999999996639895e-04, 2.099987104846221e+01, 2.585692396762174e+02, 2.540349960327148e+02, 2.368781493983613e+01, 1.569711361393255e-04
4258, 1.218061566492055e-01, 1.470294451445919e-01, 2.592525813758676e-02, 2.745595892108411e-04, 2.748344235483413e-07, 2.135250812461813e+00, 4.616694714472172e-05, 6.127004864457758e-06, 8.356720902022977e+03, 4.336541615088569e-04, 9.990000000003131e-01, 9.999999996869091e-04, 2.116200069061004e+01, 2.591691493498757e+02, 2.540349960327148e+02, 2.366035921138760e+01, 1.774872732642962e-04
4259, 1.151149800788232e-01, 1.455237567133387e-01, 2.565976464261623e-02, 2.761875060184532e-04, 2.764639699094107e-07, 2.147908239505500e+00, 4.793652683070032e-05, 6.356034841830542e-06, 8.406384105864669e+03, 4.362304233834705e-04, 9.990000000002855e-01, 9.999999997144220e-04, 2.134232756604132e+01, 2.598369730577618e+02, 2.540349960327148e+02, 2.362990238128623e+01, 2.003061165964262e-04
4260, 1.084994297085858e-01, 1.437228985658212e-01, 2.534222476278022e-02, 2.775785393418850e-04, 2.778563956650518e-07, 2.158723603065642e+00, 4.861912219122882e-05, 6.441717994105172e-06, 8.448820952615288e+03, 4.384318604997910e-04, 9.990000000002608e-01, 9.999999997390800e-04, 2.149728011860953e+01, 2.604118991772663e+02, 2.540349960327148e+02, 2.360377398985859e+01, 2.199140536413685e-04
4261, 1.019729240357190e-01, 1.416305234306415e-01, 2.497328257268452e-02, 2.787791021631690e-04, 2.790581602567982e-07, 2.168057863795785e+00, 4.853916609465031e-05, 6.427153998830674e-06, 8.485447250767040e+03, 4.403319025593503e-04, 9.990000000002388e-01, 9.999999997612411e-04, 2.163167365920649e+01, 2.609114286391679e+02, 2.540349960327148e+02, 2.358114064622832e+01, 2.369204213300334e-04
4262, 9.554870094571408e-02, 1.392508753280813e-01, 2.455368640761144e-02, 2.798243796934567e-04, 2.801044841162897e-07, 2.176184653602347e+00, 4.791940591945170e-05, 6.341841835551371e-06, 8.517336326510198e+03, 4.419862181684702e-04, 9.990000000002187e-01, 9.999999997812130e-04, 2.174919215745071e+01, 2.613489599144284e+02, 2.540349960327148e+02, 2.356136849674027e+01, 2.517913949087005e-04
4263, 8.923979086157234e-02, 1.365887809618424e-01, 2.408428734565154e-02, 2.807415210002003e-04, 2.810225434872748e-07, 2.183315101908013e+00, 4.691530554318679e-05, 6.206312613869542e-06, 8.545316373766656e+03, 4.434377630621698e-04, 9.990000000002007e-01, 9.999999997992587e-04, 2.185270167315893e+01, 2.617349289823160e+02, 2.540349960327148e+02, 2.354396667542819e+01, 2.648896500449987e-04
4264, 8.305899031385024e-02, 1.336496399289153e-01, 2.356603748143913e-02, 2.815518028224077e-04, 2.818336364068450e-07, 2.189614666481451e+00, 4.563685635692805e-05, 6.035055433592554e-06, 8.570036455697315e+03, 4.447202027947913e-04, 9.990000000001844e-01, 9.999999998156022e-04, 2.194446511356421e+01, 2.620775876098069e+02, 2.540349960327148e+02, 2.352854902636638e+01, 2.765015385403624e-04
4265, 7.701883598511533e-02, 1.304394137674316e-01, 2.299998799499339e-02, 2.822721313487136e-04, 2.825546859867889e-07, 2.195214814382970e+00, 4.416274032885956e-05, 5.838410841441972e-06, 8.592012313390358e+03, 4.458602883347392e-04, 9.990000000001695e-01, 9.999999998304347e-04, 2.202629273532670e+01, 2.623835476315505e+02, 2.540349960327148e+02, 2.351480753795094e+01, 2.868561330885872e-04
4266, 7.113157928145880e-02, 1.269646138647184e-01, 2.238728701958190e-02, 2.829161063337697e-04, 2.831993055951628e-07, 2.200221298508170e+00, 4.254972326332093e-05, 5.623822842881001e-06, 8.611658825117369e+03, 4.468795394097086e-04, 9.990000000001561e-01, 9.999999998439187e-04, 2.209964973823580e+01, 2.626581696552624e+02, 2.540349960327148e+02, 2.350249349935295e+01, 2.961388423502769e-04
4267, 6.540916148264168e-02, 1.232322882500771e-01, 2.172917731293133e-02, 2.834947891021171e-04, 2.837785676289371e-07, 2.204720130850998e+00, 4.083900252503880e-05, 5.396682735307812e-06, 8.629313433472580e+03, 4.477954594707906e-04, 9.990000000001438e-01, 9.999999998561945e-04, 2.216573455553281e+01, 2.629058458237481e+02, 2.540349960327148e+02, 2.349140387634510e+01, 3.045013179320570e-04
4268, 5.986318952127878e-02, 1.192500072990776e-01, 2.102699373650875e-02, 2.840172659837763e-04, 2.843015675135865e-07, 2.208781964596571e+00, 3.906056881323803e-05, 5.160907592915411e-06, 8.645253332598077e+03, 4.486224270643835e-04, 9.990000000001326e-01, 9.999999998673824e-04, 2.222553672308868e+01, 2.631302088726898e+02, 2.540349960327148e+02, 2.348137129358331e+01, 3.120687772423547e-04
4269, 5.450491244018765e-02, 1.150258483783640e-01, 2.028216054798660e-02, 2.844910677054381e-04, 2.847758435140914e-07, 2.212465355838977e+00, 3.723624812847473e-05, 4.919342915686857e-06, 8.659708261577509e+03, 4.493723593420034e-04, 9.990000000001225e-01, 9.999999998775851e-04, 2.227988025137817e+01, 2.633342889095592e+02, 2.540349960327148e+02, 2.347225655906654e+01, 3.189454918484680e-04
4270, 4.934519857565527e-02, 1.105683794621162e-01, 1.949618851238279e-02, 2.849224855348708e-04, 2.852076931958074e-07, 2.215819222267632e+00, 3.538185142739076e-05, 4.674046733239196e-06, 8.672870148417265e+03, 4.500552122395841e-04, 9.990000000001131e-01, 9.999999998868924e-04, 2.232945652546752e+01, 2.635206324358642e+02, 2.540349960327148e+02, 2.346394301400600e+01, 3.252189506921929e-04
4271, 4.439451351290143e-02, 1.058866417533994e-01, 1.867067183773580e-02, 2.853168121362432e-04, 2.856024145208849e-07, 2.218884716285959e+00, 3.350871146165238e-05, 4.426492543884788e-06, 8.684900457400308e+03, 4.506793615497680e-04, 9.990000000001047e-01, 9.999999998953817e-04, 2.237484951120013e+01, 2.636913936186411e+02, 2.540349960327148e+02, 2.345633221701800e+01, 3.309630497197646e-04
4272, 3.966289885845342e-02, 1.009901313456511e-01, 1.780728494152996e-02, 2.856785265396348e-04, 2.859644910029336e-07, 2.221696663484372e+00, 3.162479265636635e-05, 4.177715921545080e-06, 8.695935831672528e+03, 4.512518955801443e-04, 9.990000000000968e-01, 9.999999999031205e-04, 2.241655520735536e+01, 2.638484047882960e+02, 2.540349960327148e+02, 2.344934062181510e+01, 3.362405533882977e-04
4273, 3.515995187248769e-02, 9.588877996150112e-02, 1.690777905442985e-02, 2.860114367776337e-04, 2.862977344864010e-07, 2.224284671883077e+00, 2.973549953554872e-05, 3.928421581617444e-06, 8.706092444471333e+03, 4.517788408364413e-04, 9.990000000000899e-01, 9.999999999101669e-04, 2.245499670436970e+01, 2.639932310495614e+02, 2.540349960327148e+02, 2.344289701047602e+01, 3.411050002197799e-04
4274, 3.089480600245098e-02, 9.059293480799414e-02, 1.597397866821241e-02, 2.863187895969295e-04, 2.866053949679864e-07, 2.226673985120144e+00, 2.784426966011766e-05, 3.679062480654407e-06, 8.715469345971620e+03, 4.522653356128978e-04, 9.990000000000834e-01, 9.999999999165715e-04, 2.249053579477440e+01, 2.641272123925716e+02, 2.540349960327148e+02, 2.343694051753180e+01, 3.456021720039181e-04
4275, 2.687611235744550e-02, 8.511333758907347e-02, 1.500777783510162e-02, 2.866033535414368e-04, 2.868902437629311e-07, 2.228886128561445e+00, 2.595301073601901e-05, 3.429899134917112e-06, 8.724150997816349e+03, 4.527157614499137e-04, 9.990000000000776e-01, 9.999999999223794e-04, 2.252348176294140e+01, 2.642514955396620e+02, 2.540349960327148e+02, 2.343141913555827e+01, 3.497712060662563e-04
4276, 2.311202216095348e-02, 7.946110271789671e-02, 1.401113632601192e-02, 2.868674791127606e-04, 2.871546337257044e-07, 2.230939377161422e+00, 2.406242381847353e-05, 3.181045197321211e-06, 8.732209108369847e+03, 4.531338383201474e-04, 9.990000000000724e-01, 9.999999999276280e-04, 2.255409771024181e+01, 2.643670567722601e+02, 2.540349960327148e+02, 2.342628863984583e+01, 3.536453956635745e-04
4277, 1.961017021749339e-02, 7.364769477317498e-02, 1.298607565549254e-02, 2.871131371456696e-04, 2.874005376638913e-07, 2.232849053934499e+00, 2.217224245258338e-05, 2.932504136277995e-06, 8.739703803389461e+03, 4.535226853403992e-04, 9.990000000000677e-01, 9.999999999323517e-04, 2.258260449294145e+01, 2.644747159521190e+02, 2.540349960327148e+02, 2.342151191733634e+01, 3.572526882913128e-04
4278, 1.637765942674216e-02, 6.768490524526241e-02, 1.193467498143566e-02, 2.873419333195522e-04, 2.876295628641746e-07, 2.234627642888283e+00, 2.028140930951299e-05, 2.684201578971698e-06, 8.746684068680750e+03, 4.538848437157423e-04, 9.990000000000635e-01, 9.999999999365792e-04, 2.260918198881145e+01, 2.645751405999521e+02, 2.540349960327148e+02, 2.341705874616033e+01, 3.606158459624434e-04
4279, 1.342104637653449e-02, 6.158482861916156e-02, 1.085906688786502e-02, 2.875550916574011e-04, 2.878429345748019e-07, 2.236284660860476e+00, 1.838820621855816e-05, 2.436018860225940e-06, 8.753187246647040e+03, 4.542222505984307e-04, 9.990000000000596e-01, 9.999999999403355e-04, 2.263396682580928e+01, 2.646688366990725e+02, 2.540349960327148e+02, 2.341290617009582e+01, 3.637521577912452e-04
4280, 1.074632804396089e-02, 5.535983784295728e-02, 9.761433059358877e-03, 2.877533903467529e-04, 2.880414317622820e-07, 2.237826158719983e+00, 1.649034970604991e-05, 2.187836704931534e-06, 8.759237078300190e+03, 4.545361374795420e-04, 9.990000000000563e-01, 9.999999999436428e-04, 2.265704459978072e+01, 2.647561187038594e+02, 2.540349960327148e+02, 2.340903979795428e+01, 3.666724552091928e-04
4281, 8.358929631539169e-03, 4.902255923143594e-02, 8.643999855880985e-03, 2.879370129482999e-04, 2.882252381710569e-07, 2.239253564836563e+00, 1.458506168639702e-05, 1.939607084399542e-06, 8.764839163947898e+03, 4.548267946474639e-04, 9.990000000000535e-01, 9.999999999465209e-04, 2.267843224180732e+01, 2.648370422649518e+02, 2.540349960327148e+02, 2.340545675452362e+01, 3.693788807016849e-04
4282, 6.263693563131251e-03, 4.258584685579456e-02, 7.509033796995328e-03, 2.881052300504122e-04, 2.883936236593597e-07, 2.240561210545816e+00, 1.266912293515828e-05, 1.691496138399898e-06, 8.769971251173809e+03, 4.550930672545953e-04, 9.990000000000510e-01, 9.999999999489870e-04, 2.269804058299250e+01, 2.649112618980117e+02, 2.540349960327148e+02, 2.340217195033653e+01, 3.718601506978380e-04
4283, 4.464869661926191e-03, 3.606275647138543e-02, 6.358836964624048e-03, 2.882556993819106e-04, 2.885442436114011e-07, 2.241730889768462e+00, 1.073891174007474e-05, 1.444215371311769e-06, 8.774561882843174e+03, 4.553312474278914e-04, 9.990000000000488e-01, 9.999999999510613e-04, 2.271559230820837e+01, 2.649777194849015e+02, 2.540349960327148e+02, 2.339923182695538e+01, 3.740811733099782e-04
4284, 2.966106530410018e-03, 2.946651903637929e-02, 5.195742333673266e-03, 2.883827878553350e-04, 2.886714593010010e-07, 2.242718815787114e+00, 8.790399849091139e-06, 1.199914436831462e-06, 8.778439206414605e+03, 4.555324181562821e-04, 9.990000000000472e-01, 9.999999999527668e-04, 2.273042553570037e+01, 2.650338990417378e+02, 2.540349960327148e+02, 2.339674726753456e+01, 3.759581929912675e-04
4285, 1.770444149808204e-03, 2.281051387506035e-02, 4.022109039997939e-03, 2.884729273150207e-04, 2.887616889907700e-07, 2.243419520031621e+00, 6.818863843925793e-06, 9.650867314672288e-07, 8.781189288264330e+03, 4.556751017223112e-04, 9.990000000000459e-01, 9.999999999541439e-04, 2.274095065383278e+01, 2.650737668064819e+02, 2.540349960327148e+02, 2.339498461131902e+01, 3.772900578125329e-04
4286, 8.803077140108195e-04, 1.610824154018557e-02, 2.840317595303595e-03, 2.884884823807132e-04, 2.887772596274300e-07, 2.243540451237407e+00, 4.816073324887180e-06, 7.630391868880576e-07, 8.781663957886638e+03, 4.556997235624050e-04, 9.990000000000447e-01, 9.999999999552921e-04, 2.274276538031867e+01, 2.650806259733221e+02, 2.540349960327148e+02, 2.339468152424540e+01, 3.775196961250305e-04
4287, 2.975027104868411e-04, 9.373296429454024e-03, 1.652765058691063e-03, 2.882843278750136e-04, 2.885729007632458e-07, 2.241953500645170e+00, 2.774683489970923e-06, 7.262057008288766e-07, 8.775435798077066e+03, 4.553765606264221e-04, 9.990000000000433e-01, 9.999999999565756e-04, 2.271892440357655e+01, 2.649902705700335e+02, 2.540349960327148e+02, 2.339867736713470e+01, 3.745028218412492e-04
4288, 2.975027104868411e-04, 9.481676172941985e-03, 8.295391763562921e-04, 2.887247222081939e-04, 2.890137359312585e-07, 2.245376878833368e+00, 2.948676973228597e-06, 2.579757265799014e-07, 8.788871559091969e+03, 4.560736793589125e-04, 9.990000000000444e-01, 9.999999999554805e-04, 2.277038431616340e+01, 2.651853841082415e+02, 2.540349960327148e+02, 2.339005204221798e+01, 3.810146392306207e-04
4289, 8.803077140108195e-04, 1.629449480757201e-02, 1.425583573544583e-03, 2.887519803070950e-04, 2.890410213152944e-07, 2.245588732384529e+00, 4.963552403800864e-06, 4.342543790338611e-07, 8.789702883441134e+03, 4.561168247527635e-04, 9.990000000000453e-01, 9.999999999546227e-04, 2.277356852414487e+01, 2.651974306824507e+02, 2.540349960327148e+02, 2.338951944319942e+01, 3.814175738619246e-04
4290, 1.770444149808204e-03, 2.307426288387641e-02, 2.018736421556180e-03, 2.886633387944012e-04, 2.889522910720800e-07, 2.244899670977411e+00, 6.962829696265662e-06, 6.091684181466443e-07, 8.786998454984041e+03, 4.559765106931454e-04, 9.990000000000463e-01, 9.999999999536489e-04, 2.276320398812252e+01, 2.651581346519209e+02, 2.540349960327148e+02, 2.339125557510054e+01, 3.801060293506658e-04
4291, 2.966106530410018e-03, 2.980722881747728e-02, 2.607794612652495e-03, 2.885342194636803e-04, 2.888230424924135e-07, 2.243895962058006e+00, 8.939783664550741e-06, 7.821294379349909e-07, 8.783059155206973e+03, 4.557721238007740e-04, 9.990000000000476e-01, 9.999999999523610e-04, 2.274811436681824e+01, 2.651009424193456e+02, 2.540349960327148e+02, 2.339378317518488e+01, 3.781965651975280e-04
4292, 4.464869661926191e-03, 3.647973595403102e-02, 3.191563344396772e-03, 2.883835400102938e-04, 2.886722122082725e-07, 2.242724655595437e+00, 1.089716662608595e-05, 9.533782233260694e-07, 8.778462105741868e+03, 4.555336095431511e-04, 9.990000000000492e-01, 9.999999999507066e-04, 2.273051610950661e+01, 2.650342638631669e+02, 2.540349960327148e+02, 2.339673106446227e+01, 3.759696543416050e-04
4293, 6.263693563131251e-03, 4.307825026938396e-02, 3.768858543103678e-03, 2.882177394048999e-04, 2.885062456357241e-07, 2.241435801981254e+00, 1.283828867491502e-05, 1.123204364898149e-06, 8.773403739391792e+03, 4.552711605036351e-04, 9.990000000000513e-01, 9.999999999486615e-04, 2.271116537641156e+01, 2.649609715880947e+02, 2.540349960327148e+02, 2.339997261452324e+01, 3.735209824739107e-04
4294, 8.358929631539169e-03, 4.958938782099499e-02, 4.338509265527584e-03, 2.880391490965341e-04, 2.883274765575825e-07, 2.240047522990112e+00, 1.476671564691184e-05, 1.291919830159038e-06, 8.767955180641848e+03, 4.549884673633320e-04, 9.990000000000538e-01, 9.999999999462097e-04, 2.269033778218398e+01, 2.648821160937522e+02, 2.540349960327148e+02, 2.340346168304979e+01, 3.708854263011120e-04
4295, 1.074632804396089e-02, 5.599994189494278e-02, 4.899360073917944e-03, 2.878483764618404e-04, 2.881365129584723e-07, 2.238564538720438e+00, 1.668591783598489e-05, 1.459828228802700e-06, 8.762134957589102e+03, 4.546864917395736e-04, 9.990000000000566e-01, 9.999999999433374e-04, 2.266810754498810e+01, 2.647979847568965e+02, 2.540349960327148e+02, 2.340718586519234e+01, 3.680723775051642e-04
4296, 1.342104637653449e-02, 6.229690979345592e-02, 5.450273379624505e-03, 2.876451550420892e-04, 2.879330881129343e-07, 2.236984776591433e+00, 1.859909223893308e-05, 1.627209260573161e-06, 8.755934940133502e+03, 4.543648120612435e-04, 9.990000000000600e-01, 9.999999999400282e-04, 2.264444717086329e+01, 2.647084802043292e+02, 2.540349960327148e+02, 2.341114979972248e+01, 3.650783569575216e-04
4297, 1.637765942674216e-02, 6.846751920863151e-02, 5.990131750498700e-03, 2.874286912870960e-04, 2.877164076764344e-07, 2.235302066594675e+00, 2.050906096198024e-05, 1.794309826723627e-06, 8.749330918097132e+03, 4.540221724503428e-04, 9.990000000000638e-01, 9.999999999362637e-04, 2.261926820451042e+01, 2.646132751690876e+02, 2.540349960327148e+02, 2.341536834568856e+01, 3.618921713870285e-04
4298, 1.961017021749339e-02, 7.449925412884781e-02, 6.517840177411071e-03, 2.871978145750913e-04, 2.874852998554040e-07, 2.233507307367568e+00, 2.241819313357548e-05, 1.961337198144363e-06, 8.742287177881881e+03, 4.536567202042147e-04, 9.990000000000681e-01, 9.999999999320221e-04, 2.259243897179266e+01, 2.645118801094191e+02, 2.540349960327148e+02, 2.341986361322145e+01, 3.584971585435814e-04
4299, 2.311202216095348e-02, 8.037988022532455e-02, 7.032328295287492e-03, 2.869510386844173e-04, 2.872382769404694e-07, 2.231588943954746e+00, 2.432832403494103e-05, 2.128451940104015e-06, 8.734758377789463e+03, 4.532661031141789e-04, 9.990000000000727e-01, 9.999999999272787e-04, 2.256379199196584e+01, 2.644036717016064e+02, 2.540349960327148e+02, 2.342466372540235e+01, 3.548721251532815e-04
4300, 2.687611235744550e-02, 8.609746966733799e-02, 7.532552554159181e-03, 2.866865775134847e-04, 2.869735510421440e-07, 2.229533089917104e+00, 2.624065550571836e-05, 2.295759198822217e-06, 8.726690027596533e+03, 4.528474943653236e-04, 9.990000000000780e-01, 9.999999999220040e-04, 2.253312608489221e+01, 2.642879012931398e+02, 2.540349960327148e+02, 2.342980246981007e+01, 3.509916135685427e-04
4301, 3.089480600245098e-02, 9.164042531575821e-02, 8.017498335822937e-03, 2.864023331338229e-04, 2.866890221319201e-07, 2.227323434359612e+00, 2.815562468651258e-05, 2.463297217886527e-06, 8.718018124100969e+03, 4.523975736456260e-04, 9.990000000000837e-01, 9.999999999161643e-04, 2.250020530817112e+01, 2.641636914419224e+02, 2.540349960327148e+02, 2.343531948262605e+01, 3.468257672709569e-04
4302, 3.515995187248769e-02, 9.699750424583556e-02, 8.486182011818291e-03, 2.860958637254655e-04, 2.863822459455568e-07, 2.224940992552559e+00, 3.007272749290037e-05, 2.631021894182992e-06, 8.708668172947127e+03, 4.519124764157447e-04, 9.990000000000903e-01, 9.999999999097211e-04, 2.246475563084720e+01, 2.640300240167287e+02, 2.540349960327148e+02, 2.344126081399244e+01, 3.423399099571521e-04
4303, 3.966289885845342e-02, 1.021578405515249e-01, 8.937652938547352e-03, 2.857643338314303e-04, 2.860503841877650e-07, 2.222363719078504e+00, 3.199028008688849e-05, 2.798785909308099e-06, 8.698553671072537e+03, 4.513877151985830e-04, 9.990000000000974e-01, 9.999999999026287e-04, 2.242645965895487e+01, 2.638857210989204e+02, 2.540349960327148e+02, 2.344767982272846e+01, 3.374938781009856e-04
4304, 4.439451351290143e-02, 1.071109673850922e-01, 9.370995385490551e-03, 2.854044464216542e-04, 2.856901365281377e-07, 2.219565979531057e+00, 3.390509615014340e-05, 2.966310494594611e-06, 8.687574034234818e+03, 4.508180720844302e-04, 9.990000000001051e-01, 9.999999998948348e-04, 2.238494939416870e+01, 2.637294186751437e+02, 2.540349960327148e+02, 2.345463840474507e+01, 3.322411046219054e-04
4305, 4.934519857565527e-02, 1.118468381873014e-01, 9.785330392607282e-03, 2.850123541112527e-04, 2.852976517305394e-07, 2.216517860109917e+00, 3.581204941066572e-05, 3.133147157101358e-06, 8.675611888628235e+03, 4.501974582522889e-04, 9.990000000001137e-01, 9.999999998862807e-04, 2.233979677071168e+01, 2.635595322331427e+02, 2.540349960327148e+02, 2.346220859973354e+01, 3.265274214105913e-04
4306, 5.450491244018765e-02, 1.163558470651182e-01, 1.017981755315400e-02, 2.845835448607847e-04, 2.848684132389553e-07, 2.213184278770012e+00, 3.770347852019562e-05, 3.298625613088874e-06, 8.662529584065387e+03, 4.495187331163064e-04, 9.990000000001230e-01, 9.999999998768965e-04, 2.229050150186947e+01, 2.633742125919001e+02, 2.540349960327148e+02, 2.347047465733395e+01, 3.202895214079698e-04
4307, 5.986318952127878e-02, 1.206288482755988e-01, 1.055365671830360e-02, 2.841126951669766e-04, 2.843970922212603e-07, 2.209523843545501e+00, 3.956837310664303e-05, 3.461782576773601e-06, 8.648164715454488e+03, 4.487734720371001e-04, 9.990000000001333e-01, 9.999999998666035e-04, 2.223647552798135e+01, 2.631712894268920e+02, 2.540349960327148e+02, 2.347953568557606e+01, 3.134529906297905e-04
4308, 6.540916148264168e-02, 1.246571747764446e-01, 1.090608962010866e-02, 2.835934807424611e-04, 2.838773580594460e-07, 2.205487380258969e+00, 4.139125259701984e-05, 3.621263670006228e-06, 8.632324347490401e+03, 4.479516667763102e-04, 9.990000000001448e-01, 9.999999998553087e-04, 2.217702305309041e+01, 2.629481988520994e+02, 2.540349960327148e+02, 2.348950905759717e+01, 3.059297819732925e-04
4309, 7.113157928145880e-02, 1.284326558055949e-01, 1.123640140951650e-02, 2.830183305123390e-04, 2.833016320999341e-07, 2.201016019385724e+00, 4.315060829857220e-05, 3.775187121990692e-06, 8.614777510259026e+03, 4.470413362752510e-04, 9.990000000001570e-01, 9.999999998429063e-04, 2.211131474018776e+01, 2.627018899150327e+02, 2.540349960327148e+02, 2.350053482617411e+01, 2.976149498432620e-04
4310, 7.701883598511533e-02, 1.319476334542016e-01, 1.154392210631660e-02, 2.823781037533357e-04, 2.826607644695471e-07, 2.196038685156991e+00, 4.481671623683780e-05, 3.920952417421037e-06, 8.595245350378729e+03, 4.460280158446575e-04, 9.990000000001706e-01, 9.999999998292716e-04, 2.203835404078961e+01, 2.624287027205838e+02, 2.540349960327148e+02, 2.351278150094729e+01, 2.883823894443345e-04
4311, 8.305899031385024e-02, 1.351949781993702e-01, 1.182802795807933e-02, 2.816616613335923e-04, 2.819436048861103e-07, 2.190468761007605e+00, 4.634853007244775e-05, 4.054968461989313e-06, 8.573388051821843e+03, 4.448940788263019e-04, 9.990000000001857e-01, 9.999999998142606e-04, 2.195693276369741e+01, 2.621242077533971e+02, 2.540349960327148e+02, 2.352645369906524e+01, 2.780792143827960e-04
4312, 8.923979086157234e-02, 1.381681033651605e-01, 1.208814270532961e-02, 2.808552886128393e-04, 2.811364249809472e-07, 2.184199601251636e+00, 4.768920754564495e-05, 4.172262197220185e-06, 8.548787231895793e+03, 4.436178235957939e-04, 9.990000000002023e-01, 9.999999997977031e-04, 2.186557168362661e+01, 2.617829912501588e+02, 2.540349960327148e+02, 2.354180241532684e+01, 2.665182411900654e-04
4313, 9.554870094571408e-02, 1.408609784825177e-01, 1.232373875038941e-02, 2.799419068717042e-04, 2.802221289388261e-07, 2.177098397914996e+00, 4.875957128107192e-05, 4.265906495493806e-06, 8.520921886776800e+03, 4.421722260511671e-04, 9.990000000002205e-01, 9.999999997794002e-04, 2.176243999337498e+01, 2.613983642184015e+02, 2.540349960327148e+02, 2.355913902233007e+01, 2.534677966747850e-04
4314, 1.019729240357190e-01, 1.432681415210333e-01, 1.253433822751814e-02, 2.788999774441067e-04, 2.791791565333908e-07, 2.168997657316388e+00, 4.944838605294769e-05, 4.326169531957367e-06, 8.489134963802146e+03, 4.405232060242086e-04, 9.990000000002408e-01, 9.999999997591178e-04, 2.164524427635467e+01, 2.609619612812708e+02, 2.540349960327148e+02, 2.357885468907896e+01, 2.386376683343083e-04
4315, 1.084994297085858e-01, 1.453847099677270e-01, 1.271951397218052e-02, 2.777019497602944e-04, 2.779799296166855e-07, 2.159683128943712e+00, 4.959762297851495e-05, 4.339225570404090e-06, 8.452586022298527e+03, 4.386271722875121e-04, 9.990000000002633e-01, 9.999999997365797e-04, 2.151107265967407e+01, 2.604631770824980e+02, 2.540349960327148e+02, 2.360144784806810e+01, 2.216593832432432e-04
4316, 1.151149800788232e-01, 1.472063907303784e-01, 1.287889038747578e-02, 2.763120163033144e-04, 2.765886048283361e-07, 2.148876342979507e+00, 4.897963760507975e-05, 4.285158308296794e-06, 8.410182754632402e+03, 4.364274713451292e-04, 9.990000000002884e-01, 9.999999997114609e-04, 2.135617153927700e+01, 2.598883572913926e+02, 2.540349960327148e+02, 2.362756392218590e+01, 2.020579545052445e-04
4317, 1.218061566492055e-01, 1.487294888453197e-01, 1.301214420597084e-02, 2.746827859978087e-04, 2.749577436544063e-07, 2.136208734320404e+00, 4.726094734503340e-05, 4.134791820013646e-06, 8.360479519317936e+03, 4.338491256537339e-04, 9.990000000003167e-01, 9.999999996833811e-04, 2.117561822424225e+01, 2.592196084474616e+02, 2.540349960327148e+02, 2.365805427081843e+01, 1.792104571534434e-04
4318, 1.285593875278688e-01, 1.499509149720295e-01, 1.311900514539233e-02, 2.732071919223451e-04, 2.734806725018498e-07, 2.124735246137596e+00, 4.439541782123040e-05, 3.884090156323437e-06, 8.315462076553209e+03, 4.315139733493835e-04, 9.990000000003399e-01, 9.999999996599498e-04, 2.101295247588759e+01, 2.586176411428575e+02, 2.540349960327148e+02, 2.368559656098490e+01, 1.586264803150983e-04
4319, 1.352087029775046e-01, 1.510000555116980e-01, 1.321079304905879e-02, 2.725833311251049e-04, 2.728561872167300e-07, 2.119883750860660e+00, 4.249558165230961e-05, 3.717876282894803e-06, 8.296424524093705e+03, 4.305267123615719e-04, 9.990000000003504e-01, 9.999999996496629e-04, 2.094432021305254e+01, 2.583629114965269e+02, 2.540349960327148e+02, 2.369727303543235e+01, 1.499416470121470e-04
4320, 1.419555162797883e-01, 1.520645794318840e-01, 1.330392682412724e-02, 2.725782036803598e-04, 2.728510546374249e-07, 2.119843354311786e+00, 4.244645410539037e-05, 3.713578422959316e-06, 8.296263779538480e+03, 4.305185925161441e-04, 9.990000000003577e-01, 9.999999996423974e-04, 2.094366945854378e+01, 2.583597438733752e+02, 2.540349960327148e+02, 2.369741248841731e+01, 1.498592995243006e-04
4321, 1.488987548828420e-01, 1.531600956771620e-01, 1.339977207629756e-02, 2.726834909533683e-04, 2.729564473003079e-07, 2.120661923413276e+00, 4.325859453014174e-05, 3.784631469651415e-06, 8.299474977808106e+03, 4.306852064118620e-04, 9.990000000003676e-01, 9.999999996323197e-04, 2.095520070339767e+01, 2.584021809804537e+02, 2.540349960327148e+02, 2.369546370351938e+01, 1.513184811860246e-04
4322, 1.561402263876655e-01, 1.543026676276296e-01, 1.349973416922617e-02, 2.728641367189944e-04, 2.731372738888560e-07, 2.122066512294248e+00, 4.470440887645163e-05, 3.911123733129745e-06, 8.304985699184406e+03, 4.309710748752265e-04, 9.990000000003809e-01, 9.999999996191393e-04, 2.097501737456122e+01, 2.584753105447350e+02, 2.540349960327148e+02, 2.369210813539789e+01, 1.538261135817161e-04
4323, 1.637861113367645e-01, 1.555090486336893e-01, 1.360527883114940e-02, 2.731110961873650e-04, 2.733844805593587e-07, 2.123986744737557e+00, 4.673439372207673e-05, 4.088724255347902e-06, 8.312519659342226e+03, 4.313618851750875e-04, 9.990000000003970e-01, 9.999999996028830e-04, 2.100213455659236e+01, 2.585754485074659e+02, 2.540349960327148e+02, 2.368751593277077e+01, 1.572575639792094e-04
4324, 1.719485201225209e-01, 1.567969276677562e-01, 1.371795364662297e-02, 2.734159882318124e-04, 2.736896777956535e-07, 2.126357443335000e+00, 4.931547649760152e-05, 4.314539570341877e-06, 8.321821141434479e+03, 4.318443753838316e-04, 9.990000000004164e-01, 9.999999995836360e-04, 2.103564904860560e+01, 2.586992712460097e+02, 2.540349960327148e+02, 2.368184140983255e+01, 1.614985399334425e-04
4325, 1.807471368440085e-01, 1.581851886948402e-01, 1.383941074850767e-02, 2.737700491489205e-04, 2.740440931218793e-07, 2.129110458617757e+00, 5.241293674232696e-05, 4.585532039807899e-06, 8.332622780419268e+03, 4.324046782053880e-04, 9.990000000004385e-01, 9.999999995615190e-04, 2.107461657325529e+01, 2.588433091814775e+02, 2.540349960327148e+02, 2.367524564228562e+01, 1.664295511201870e-04
4326, 1.903109742158616e-01, 1.596941875651159e-01, 1.397143104293022e-02, 2.741644777883117e-04, 2.744389165777367e-07, 2.132177350069357e+00, 5.598862904207414e-05, 4.898364381847799e-06, 8.344656066162173e+03, 4.330288669851949e-04, 9.990000000004633e-01, 9.999999995366812e-04, 2.111808728250153e+01, 2.590040716174963e+02, 2.540349960327148e+02, 2.366789050225605e+01, 1.719304022908965e-04
4327, 2.007802652611475e-01, 1.613460504885088e-01, 1.411595032242589e-02, 2.745908268448512e-04, 2.748656924023766e-07, 2.135492429024335e+00, 6.000139938197706e-05, 5.249436096836613e-06, 8.357663280285493e+03, 4.337035748374905e-04, 9.990000000004906e-01, 9.999999995092986e-04, 2.116514735568069e+01, 2.591781986407993e+02, 2.540349960327148e+02, 2.365993154754056e+01, 1.778854571572638e-04
4328, 2.123085195258328e-01, 1.631649984677853e-01, 1.427508765015597e-02, 2.750413460750643e-04, 2.753166625943757e-07, 2.138995427807856e+00, 6.440847759954854e-05, 5.635005290874012e-06, 8.371407968489404e+03, 4.344165377374866e-04, 9.990000000005205e-01, 9.999999994795706e-04, 2.121495599653632e+01, 2.593625968815718e+02, 2.540349960327148e+02, 2.365151172486154e+01, 1.841883200530616e-04
4329, 2.250647739647891e-01, 1.651777024472554e-01, 1.445117643139312e-02, 2.755092630191330e-04, 2.757850479147391e-07, 2.142633682753064e+00, 6.916765401009282e-05, 6.051379105473535e-06, 8.385683506429081e+03, 4.351570387583864e-04, 9.990000000005522e-01, 9.999999994477272e-04, 2.126677620707056e+01, 2.595545529184654e+02, 2.540349960327148e+02, 2.364275616800071e+01, 1.907457301051723e-04
4330, 2.392360715037206e-01, 1.674136743845788e-01, 1.464679862787102e-02, 2.759889990489255e-04, 2.762652641511963e-07, 2.146363814139174e+00, 7.424005787410708e-05, 6.495156801702789e-06, 8.400319692383406e+03, 4.359162499986683e-04, 9.990000000005860e-01, 9.999999994140399e-04, 2.131999902040096e+01, 2.597518231399362e+02, 2.540349960327148e+02, 2.363376813579732e+01, 1.974806276969871e-04
4331, 2.550302036197720e-01, 1.699056999798957e-01, 1.486482261667769e-02, 2.764763258310116e-04, 2.767530787378423e-07, 2.150152942647054e+00, 7.959333674267509e-05, 6.963507916712638e-06, 8.415187521887714e+03, 4.366874802449584e-04, 9.990000000006212e-01, 9.999999993788428e-04, 2.137416163521246e+01, 2.599527016436044e+02, 2.540349960327148e+02, 2.362462600412931e+01, 2.043344492301675e-04
4332, 2.726787571548399e-01, 1.726903194073230e-01, 1.510844524881162e-02, 2.769684726481390e-04, 2.772457181840518e-07, 2.153979523575666e+00, 8.520506280792417e-05, 7.454470280850802e-06, 8.430202462930860e+03, 4.374663448888866e-04, 9.990000000006575e-01, 9.999999993425641e-04, 2.142896047466218e+01, 2.601560698655534e+02, 2.540349960327148e+02, 2.361538112879121e+01, 2.112687796187758e-04
4333, 2.924405100365236e-01, 1.758083630977031e-01, 1.538123872409842e-02, 2.774641984491083e-04, 2.777419401964893e-07, 2.157833906706234e+00, 9.106625850164106e-05, 7.967258467699387e-06, 8.445326654905539e+03, 4.382508800400241e-04, 9.990000000006942e-01, 9.999999993057747e-04, 2.148426058872601e+01, 2.603614330948845e+02, 2.540349960327148e+02, 2.360605633152496e+01, 2.182665420768303e-04
4334, 3.146052256976335e-01, 1.793055504287038e-01, 1.568720296978747e-02, 2.779638440346215e-04, 2.782420859172151e-07, 2.161718741649645e+00, 9.718502303992798e-05, 8.502581075942323e-06, 8.460570501450813e+03, 4.390416252129148e-04, 9.990000000007307e-01, 9.999999992692562e-04, 2.154010302706932e+01, 2.605689498265083e+02, 2.540349960327148e+02, 2.359664472931210e+01, 2.253329310928478e-04
4335, 3.394979018312223e-01, 1.832331601007664e-01, 1.603082429084772e-02, 2.784690014686204e-04, 2.787477490041320e-07, 2.165646406642642e+00, 1.035854865716095e-04, 9.062549229645725e-06, 8.475982582088134e+03, 4.398411002338441e-04, 9.990000000007658e-01, 9.999999992341014e-04, 2.159666949883095e+01, 2.607793029148309e+02, 2.540349960327148e+02, 2.358711573565239e+01, 2.324909404239186e-04
4336, 3.674835357799593e-01, 1.876487820285168e-01, 1.641714115194236e-02, 2.789598828530500e-04, 2.792391217519622e-07, 2.169463025425446e+00, 1.100106743658250e-04, 9.624680571449751e-06, 8.490959002814787e+03, 4.406179882665481e-04, 9.990000000007980e-01, 9.999999992019750e-04, 2.165174458783996e+01, 2.609842738439066e+02, 2.540349960327148e+02, 2.357784117457069e+01, 2.394602278614895e-04
4337, 3.989724764339914e-01, 1.926171617725049e-01, 1.685181805563316e-02, 2.794200076531312e-04, 2.796997071280886e-07, 2.173040465938378e+00, 1.162223872453237e-04, 1.016813533088637e-05, 8.504996956577323e+03, 4.413462057115883e-04, 9.990000000008301e-01, 9.999999991699288e-04, 2.170346547835102e+01, 2.611769104390769e+02, 2.540349960327148e+02, 2.356913424287823e+01, 2.460050698033658e-04
4338, 4.344264411113166e-01, 1.982111498930402e-01, 1.734122860007868e-02, 2.798533387356365e-04, 2.801334719661209e-07, 2.176409563432405e+00, 1.222397487458553e-04, 1.069458657764683e-05, 8.518217487485541e+03, 4.420320232177004e-04, 9.990000000008620e-01, 9.999999991379762e-04, 2.175225873525690e+01, 2.613587613834844e+02, 2.540349960327148e+02, 2.356092343813906e+01, 2.521794444346396e-04
4339, 4.743652856452280e-01, 2.045127701463455e-01, 1.789254893408826e-02, 2.802591821892257e-04, 2.805397216601573e-07, 2.179564923756326e+00, 1.280224311986622e-04, 1.120050609313665e-05, 8.530599396030189e+03, 4.426743416474528e-04, 9.990000000008936e-01, 9.999999991062638e-04, 2.179803177688503e+01, 2.615294656208173e+02, 2.540349960327148e+02, 2.355322350021601e+01, 2.579716363264426e-04
4340, 5.193746269475402e-01, 2.116144221858220e-01, 1.851386297984821e-02, 2.806375309524577e-04, 2.809184491416738e-07, 2.182506496464179e+00, 1.335409835918225e-04, 1.168331723846237e-05, 8.542142465544177e+03, 4.432731489289096e-04, 9.990000000009253e-01, 9.999999990747295e-04, 2.184076946888136e+01, 2.616889469201773e+02, 2.540349960327148e+02, 2.354603641352223e+01, 2.633797303540731e-04
4341, 5.701144298160306e-01, 2.196202364034394e-01, 1.921428096618439e-02, 2.809888251520783e-04, 2.812700949779548e-07, 2.185237707801230e+00, 1.387745783529598e-04, 1.214119782835635e-05, 8.552860124296587e+03, 4.438291408116860e-04, 9.990000000009568e-01, 9.999999990432632e-04, 2.188050813269241e+01, 2.618373219509070e+02, 2.540349960327148e+02, 2.353935556915279e+01, 2.684083226898738e-04
4342, 6.273286838930814e-01, 2.286476007770775e-01, 2.000407301039553e-02, 2.813138494268532e-04, 2.815954445931488e-07, 2.187764662150615e+00, 1.437101133871741e-04, 1.257300157014743e-05, 8.562776311628377e+03, 4.443435583814025e-04, 9.990000000009883e-01, 9.999999990117116e-04, 2.191732426325093e+01, 2.619748587648457e+02, 2.540349960327148e+02, 2.353316766492604e+01, 2.730670931216295e-04
4343, 6.918563126672260e-01, 2.388288821117354e-01, 2.089481970734619e-02, 2.816136435505050e-04, 2.818955388017394e-07, 2.190095447067760e+00, 1.483412217394675e-04, 1.297817142066558e-05, 8.571922750922411e+03, 4.448180466128672e-04, 9.990000000010202e-01, 9.999999989798796e-04, 2.195132459371182e+01, 2.621019400563889e+02, 2.540349960327148e+02, 2.352745437636217e+01, 2.773695478287949e-04
4344, 7.646434744745524e-01, 2.503133669128970e-01, 2.189958193388360e-02, 2.818894247611609e-04, 2.821715960602451e-07, 2.192239529378213e+00, 1.526672134198509e-04, 1.335664700802937e-05, 8.580336579809660e+03, 4.452545314438454e-04, 9.990000000010526e-01, 9.999999989475340e-04, 2.198263736584425e+01, 2.622190307374860e+02, 2.540349960327148e+02, 2.352219382170248e+01, 2.813319147243320e-04
4345, 8.467574358675809e-01, 2.632694503507662e-01, 2.303309235839314e-02, 2.821425223334655e-04, 2.824249469738388e-07, 2.194207246492129e+00, 1.566920229847525e-04, 1.370877255701021e-05, 8.588058353932462e+03, 4.456551162200307e-04, 9.990000000010857e-01, 9.999999989143999e-04, 2.201140489928091e+01, 2.623266502194502e+02, 2.540349960327148e+02, 2.351736180654908e+01, 2.849722031559537e-04
4346, 9.394022207746211e-01, 2.778871054118087e-01, 2.431197146356671e-02, 2.823743242143499e-04, 2.826569808786996e-07, 2.196009391533679e+00, 1.604232186552635e-04, 1.403521019799694e-05, 8.595130418797067e+03, 4.460219972296939e-04, 9.990000000011198e-01, 9.999999988801653e-04, 2.203777746791037e+01, 2.624253494742006e+02, 2.540349960327148e+02, 2.351293284769486e+01, 2.883094290152838e-04
4347, 1.043936264910732e+00, 2.943806684423744e-01, 2.575497124989149e-02, 2.825862349693478e-04, 2.828691037462323e-07, 2.197656886421667e+00, 1.638711096817644e-04, 1.433686187146063e-05, 8.601595626731631e+03, 4.463573971375043e-04, 9.990000000011556e-01, 9.999999988444773e-04, 2.206190842173084e+01, 2.625156926818076e+02, 2.540349960327148e+02, 2.350888098715154e+01, 2.913629974496469e-04
4348, 1.161892334304097e+00, 3.129919819283814e-01, 2.738325019324424e-02, 2.827796438994931e-04, 2.830627062680504e-07, 2.199160534031773e+00, 1.670479719638673e-04, 1.461480157835234e-05, 8.607496364163073e+03, 4.466635145144142e-04, 9.990000000011932e-01, 9.999999988069400e-04, 2.208395044306560e+01, 2.625982430774519e+02, 2.540349960327148e+02, 2.350518041556685e+01, 2.941522291177407e-04
